<?xml version="1.0" encoding="UTF-8"?>
<project-private xmlns="http://www.netbeans.org/ns/project-private/1">
    <editor-bookmarks xmlns="http://www.netbeans.org/ns/editor-bookmarks/2" lastBookmarkId="0"/>
    <open-files xmlns="http://www.netbeans.org/ns/projectui-open-files/2">
        <group>
            <file>file:/D:/NetBeans/pert_9/hadiah_praktek/Hadiah1a/src/hadiah1/Hadiah1.java</file>
        </group>
        <group name="Program 2">
            <file>file:/C:/Users/willi/Desktop/hadiah_praktek/Hadiah1a/src/hadiah1/Hadiah1.java</file>
        </group>
    </open-files>
</project-private>
